modelo,fbeta(beta=.4),Precision,Recall,TN,FP,FN,TP
ada,0.8461045206797051,0.8504672897196262,0.8198198198198198,57,16,20,91
knn,0.810810810810811,0.8108108108108109,0.8108108108108109,52,21,21,90
nb,0.8391897478296818,0.8860759493670886,0.6306306306306306,64,9,41,70
rf,0.8933421662802253,0.9029126213592232,0.8378378378378378,63,10,18,93
xgb,0.8865489130434785,0.9,0.8108108108108109,63,10,21,90
VotingClassifier,0.888237210817856,0.8952380952380953,0.8468468468468469,62,11,17,94
StackingClassifier,0.8827023014105421,0.9111111111111111,0.7387387387387387,65,8,29,82
